{
  "feature_names": [
    "subBass",
    "lowBass",
    "lowMid",
    "midHigh",
    "highMid",
    "high",
    "centroid",
    "flux",
    "majorCorr",
    "minorCorr"
  ],
  "means": [
    0.12666922807693481,
    0.21216745674610138,
    0.12087050080299377,
    0.03147560730576515,
    0.007050421554595232,
    0.001767061883583665,
    0.0811413899064064,
    0.1270177960395813,
    0.47553107142448425,
    0.4802916347980499
  ],
  "stds": [
    0.06715262681245804,
    0.04274507611989975,
    0.06550993770360947,
    0.02538328617811203,
    0.0056993113830685616,
    0.0020610662177205086,
    0.03441748023033142,
    0.09626439958810806,
    0.12125856429338455,
    0.1121581494808197
  ]
}