{
  "feature_names": [
    "subBass",
    "lowBass",
    "lowMid",
    "midHigh",
    "highMid",
    "high",
    "centroid",
    "flux",
    "majorCorr",
    "minorCorr"
  ],
  "means": [
    0.12666922807693481,
    0.21216745674610138,
    0.12087050080299377,
    0.03147560730576515,
    0.007050421554595232,
    0.001767061883583665,
    0.08115698397159576,
    65.03311157226562,
    0.4755290746688843,
    0.4802875816822052
  ],
  "stds": [
    0.06715262681245804,
    0.04274507611989975,
    0.06550993770360947,
    0.02538328617811203,
    0.0056993113830685616,
    0.0020610662177205086,
    0.03441185876727104,
    49.28737258911133,
    0.12125692516565323,
    0.11215610802173615
  ]
}