{
  "feature_names": [
    "subBass",
    "lowBass",
    "lowMid",
    "midHigh",
    "highMid",
    "high",
    "centroid",
    "flux",
    "majorCorr",
    "minorCorr"
  ],
  "means": [
    0.1272018402814865,
    0.20593886077404022,
    0.12508513033390045,
    0.03841721639037132,
    0.010676047764718533,
    0.0050163245759904385,
    0.11826906353235245,
    0.25157615542411804,
    0.5307288765907288,
    0.5094026327133179
  ],
  "stds": [
    0.12225166708230972,
    0.13055114448070526,
    0.0825742855668068,
    0.030434895306825638,
    0.014626867137849331,
    0.013764978386461735,
    0.07421354204416275,
    0.20444412529468536,
    0.15677136182785034,
    0.12204064428806305
  ]
}